{
    "1": {
        "1": {
            "pan": 102.0,
            "tilt": 35.0
        },
        "2": {
            "pan": 13.0,
            "tilt": 31.0
        },
        "3": {
            "pan": -99.0,
            "tilt": 26.0
        },
        "4": {
            "pan": -179.0,
            "tilt": 46.0
        }
    },
    "2": {
        "1": {
            "pan": 144.00265,
            "tilt": 54,
            "direction": 1
        },
        "2": {
            "pan": 48.77269600000001,
            "tilt": 44,
            "direction": 1
        },
        "3": {
            "pan": 204.36345,
            "tilt": 50,
            "direction": 1
        },
        "4": {
            "pan": -28.253377,
            "tilt": 39,
            "direction": -1
        }
    }
}