{
    "1": {
        "1": {
            "pan": 12.0,
            "tilt": 0.0
        },
        "2": {
            "pan": 0.0,
            "tilt": 0.0
        },
        "3": {
            "pan": 0.0,
            "tilt": 0.0
        },
        "4": {
            "pan": 0.0,
            "tilt": 30.0
        }
    },
    "2": {
        "1": {
            "pan": 145.995846,
            "tilt": 54.0
        },
        "2": {
            "pan": 54.97087,
            "tilt": 45.0
        },
        "3": {
            "pan": -148.001027,
            "tilt": 51.0
        },
        "4": {
            "pan": -37.9794,
            "tilt": 40.0
        }
    }
}