{"1": {"pan": -222.28835, "tilt": 50, "direction": 1}, "2": {"pan": 45.354528, "tilt": 48, "direction": 1}, "3": {"pan": 218.31935, "tilt": 50, "direction": 1}, "4": {"pan": -39.759313999999996, "tilt": 46, "direction": 1}}