{"1": {"pan": -212.624568, "tilt": 52, "direction": 1}, "2": {"pan": 54.97087, "tilt": 45, "direction": -1}, "3": {"pan": 209.142801, "tilt": 51, "direction": -1}, "4": {"pan": -33.265662000000006, "tilt": 39, "direction": -1}}
